window_size,noise_level,svm_time,svm_acc
1,0,10.852199979126453,1.0
1,20,2.5548000121489167,1.0
1,50,2.547799958847463,1.0
1,80,2.7764999540522695,1.0
2,0,3.4713000059127808,1.0
2,20,3.072399995289743,1.0
2,50,4.287299932911992,1.0
2,80,3.3897999674081802,1.0
3,0,4.34410001616925,1.0
3,20,2.659599995240569,1.0
3,50,3.20909998845309,1.0
3,80,2.645400003530085,1.0
